Cindi;;Wellings;Cardinal;7085;;7514 AB;Enschede;Netherlands;cindi.wellings@fake.windesheim.nl;89LrhcTr;1
Rebekkah;le;Chanson;Kerkstraat;3;;1354 CD;Almere Haven;Netherlands;rebekkah.chanson@fake.windesheim.nl;mszbAQuw;0
Shelli;;Baumert;Forest Run;3;;6224 ED;Maastricht;Netherlands;shelli.baumert@fake.windesheim.nl;73GxLtAj;1
Ayn;;Jollye;Superior;25;b;7514 AG;Enschede;Netherlands;ayn.jollye@fake.windesheim.nl;pux8DHQc;0
Rodrigo;;Kobelt;Bashford;673;;1170 GH;Bruxelles;Belgium;rodrigo.kobelt@fake.windesheim.nl;55KvETMn;1
Glenden;;Tellenbroker;Reinke;0;;7536 AS;Tournai;Belgium;glenden.tellenbroker@fake.windesheim.nl;tJKp5njS;0
Bellanca;;Kenshole;Arrowood;25;;4874 CC;Etten-Leur;Netherlands;bellanca.kenshole@fake.windesheim.nl;bLfPRAxW;0
Lexine;;Follows;Fremont;2;;1209 EA;Hilversum;Netherlands;lexine.follows@fake.windesheim.nl;HfJTecTv;1
Rachael;;Harroway;Birchwood;891;;6042 KB;Charleroi;Belgium;rachael.harroway@fake.windesheim.nl;f85z83Bf;0
Gavra;;Beeson;Iowa;83;;3009 DF;Rotterdam postbusnummers;Netherlands;gavra.beeson@fake.windesheim.nl;zNKaW3mk;1
Robinson;;Baude;Shopko;34;;8229 AS;Lelystad;Netherlands;robinson.baude@fake.windesheim.nl;6BqfFzKh;1
Marcile;;Coats;Blue Bill Park;89;;2334 HA;Leiden;Netherlands;marcile.coats@fake.windesheim.nl;SUDeJAmu;0
Merrili;;Hassard;Chive;2796;;2019 EA;Haarlem;Netherlands;merrili.hassard@fake.windesheim.nl;6kb7FYTT;1
Huntington;;Antonomoli;Independence;5;;3104 BB;Schiedam;Netherlands;huntington.antonomoli@fake.windesheim.nl;PmmAYu86;1
Annemarie;;Ducaen;Lukken;557;;5914 DA;Venlo;Netherlands;annemarie.ducaen@fake.windesheim.nl;vxcu3pQJ;0
Frederigo;;Kellard;Nelson;6;2h;6709 FE;Wageningen;Netherlands;frederigo.kellard@fake.windesheim.nl;3gwMKJDN;1
Keefer;;Stygall;Stygall;5;;9674 CB;Winschoten;Netherlands;keefer.stygall@fake.windesheim.nl;Q4cXy6AN;1
Amandi;;Megarrell;Summerview;38;;2624 DD;Delft;Netherlands;amandi.megarrell@fake.windesheim.nl;VvjQKhtP;0
Shane;;Duffett;Bultman;4;;7004 AC;Doetinchem;Netherlands;shane.duffett@fake.windesheim.nl;xrgPBCAe;1
Gifford;van;Lindstedt;Roth;292;;3324 CH;Dordrecht;Netherlands;gifford.lindstedt@fake.windesheim.nl;mwbqNyfc;0
Kipper;;Soares;Oakridge;1;hs;7554 AL;Hengelo;Netherlands;kipper.soares@fake.windesheim.nl;FUjQhQN5;0
Tillie;;Skeen;Old Shore;2;;6464 FA;Kerkrade;Netherlands;tillie.skeen@fake.windesheim.nl;dtKzSHvY;0
Drugi;;Wear;Northfield;3;;5914 AJ;Venlo;Netherlands;drugi.wear@fake.windesheim.nl;JyTcYc6X;1
Gherardo;;Sorton;Corry;119;;9730 DB;Groningen;Netherlands;gherardo.sorton@fake.windesheim.nl;TKBgnrd8;0
Ozzy;de;Bonnick;Del Mar;1;;2170 SA;Antwerpen;Belgium;ozzy.bonnick@fake.windesheim.nl;AURcnThz;1
